	layer_id	name	D	Lambda	M	N	alpha	alpha_weighted	best_fit	bulk_mean_loc_ratio	bulk_mean_part_ratio	bulk_mean_vec_entropy	bulk_var_loc_ratio	bulk_var_part_ratio	bulk_var_vec_entropy	entropy	has_esd	lambda_max	layer_type	log_alpha_norm	log_norm	log_spectral_norm	matrix_rank	norm	num_evals	num_pl_spikes	rank_loss	rf	sigma	spectral_norm	stable_rank	sv_max	tail_mean_loc_ratio	tail_mean_part_ratio	tail_mean_vec_entropy	tail_var_loc_ratio	tail_var_part_ratio	tail_var_vec_entropy	warning	xmax	xmin
0	1		0.14968283834608243	-1.0	3.0	64.0	4.552612382802532	-0.5253697395914709	truncated_power_law	2.0026130042011356	1.1833437496530606	1.0986122917445909	0.11072316659289257	0.004432787861750048	4.813869045806662e-19	0.9720000930737263	1.0	0.7666557192630422	LAYER_TYPE.CONV2D	0.37763411182381595	1.6006984514984517	-0.11539962013371757	147.0	39.87479391432995	147.0	39.0	0.0	49.0	0.5688732620432609	0.7666557192630422	52.01134343934734	0.8755887843405957	1.793633973828771	1.1351064398563309	1.098612290749514	0.15457066355661658	0.006205757304021828	6.681893962105857e-19	success	0.7666557192630422	0.34944171993230844
1	5		0.15194341141641993	-1.0	64.0	64.0	1.9115724194633925	0.8849487282665691	truncated_power_law	20.009771047300692	2.176356121685573	3.6812729402703463	9.05368693988491	0.00936711023551694	0.007353400649501803	0.8452884386783648	1.0	2.903640336915039	LAYER_TYPE.CONV2D	2.245528623724318	2.209409172521037	0.46294282092382755	576.0	161.96052374827534	576.0	190.0	0.0	9.0	0.06613241405760126	2.903640336915039	55.77843842751876	1.7040071410986044	19.578137162404317	2.1578454087171997	3.668389551006939	9.922378632037752	0.010890940483863128	0.00782302199583279	over-traoined	2.903640336915039	0.18752713026589102
2	7		0.11604072334419491	-1.0	32.0	64.0	3.0606510927816037	1.06106736370619	truncated_power_law	10.880059467886449	1.8352350469267422	3.2291698785753575	3.3703844486712677	0.011295183505825132	0.00777419246375971	0.8918883598489059	1.0	2.221673707531534	LAYER_TYPE.CONV2D	1.9777903478097763	1.9364126555921968	0.34668027538606594	288.0	86.37989177621137	288.0	47.0	0.0	9.0	0.30057685412871576	2.221673707531534	38.88054824764825	1.4905279962253422	10.550194194603284	1.820428631233992	3.2203594690779154	2.6545919442788857	0.009004083094178848	0.008066101179175915	success	2.221673707531534	0.579746729817206
3	9		0.08628261444724883	-1.0	32.0	32.0	2.567871403916472	1.3853798149698056	truncated_power_law	10.51944272693096	1.8074453048264587	3.224462260608143	4.11016922625398	0.014729982976536993	0.009188208337190983	0.8200886036657095	1.0	3.463419816837262	LAYER_TYPE.CONV2D	1.9796768535684663	1.7683918914485988	0.5395051375457699	288.0	58.66673128516361	288.0	50.0	0.0	9.0	0.22173050034756198	3.463419816837262	16.938960445960923	1.8610265492026872	10.08003182683808	1.7899179463064476	3.2113308291925238	2.831823840673043	0.010118327947734849	0.013358384220986773	success	3.463419816837262	0.3358671501412028
4	13		0.10361401266396697	-1.0	64.0	128.0	2.1113770093252375	1.9494136433874205	truncated_power_law	19.77923981976335	2.1533702432074935	3.6598022636785794	11.570623341556205	0.013336082800539578	0.008243920621854186	0.8201662973048238	1.0	8.380890618991266	LAYER_TYPE.CONV2D	2.410465780552647	1.7962011487329699	0.923290172611296	64.0	62.54623161227843	64.0	28.0	0.0	1.0	0.2100305128220922	8.380890618991266	7.462957632515502	2.894976790751744	19.712402667499305	2.1484032524631824	3.6613056379130597	11.495918495094605	0.015057989077610922	0.010845360528886742	success	8.380890618991266	0.5574494403156466
5	16		0.10004943805353328	-1.0	64.0	128.0	2.209147600186898	2.0768559315993644	truncated_power_law	19.81993674272676	2.167246344362864	3.673342748017487	10.612407767367973	0.011997921973917398	0.007635259901895734	0.8838021178661937	1.0	8.711970964130282	LAYER_TYPE.CONV2D	2.8933017222915502	2.5121939062602268	0.9401164193029287	576.0	325.2324766111522	576.0	176.0	0.0	9.0	0.09114292968133196	8.711970964130282	37.33167591469587	2.9516048116457396	19.50709488378593	2.1509911687539383	3.6631775526473964	9.538942883601793	0.010329535053877584	0.008400747774738572	success	8.711970964130282	0.5130417698404729
6	18		0.09848665886644217	-1.0	32.0	64.0	3.0294000900014497	1.2653677486892956	truncated_power_law	11.159315409720532	1.8523281169454238	3.2346454697250056	3.1326900405792824	0.008839230265245097	0.006844180872817997	0.8984331102017944	1.0	2.6163498620499466	LAYER_TYPE.CONV2D	2.094626157917375	1.9744215453871807	0.4176958180154705	288.0	94.2804279969917	288.0	52.0	0.0	9.0	0.28142715703582544	2.6163498620499466	36.03509964952534	1.6175134812575587	11.533414591569075	1.868292717751088	3.245541904367782	5.23816980239957	0.015177664456952027	0.010399233641181511	success	2.6163498620499466	0.5613062300981617
7	20		0.12090155563093546	-1.0	32.0	32.0	2.204430126911994	0.7624248702629308	truncated_power_law	10.938718495479801	1.8370744561001804	3.2341554672367634	3.9552788225686295	0.01167914960279415	0.008550658233751415	0.807959439753485	1.0	2.2174830169205886	LAYER_TYPE.CONV2D	1.6145318766915215	1.6728924899606996	0.34586030237708165	288.0	47.08607499122165	288.0	58.0	0.0	9.0	0.15814942359359688	2.2174830169205886	21.23401831352464	1.4891215588126405	10.911123254385092	1.838131863487967	3.215153503209472	4.979764216097059	0.01737592183425389	0.006704673347980069	success	2.2174830169205886	0.21349509494434474
8	23		0.1180498282528325	-1.0	128.0	128.0	2.066322317077221	1.5823955573071178	truncated_power_law	36.77714052446946	2.5749314783437245	3.955436842125352	24.382399864590987	0.0077564958064649525	0.006989839053511367	0.8599858136936456	1.0	5.831803313733282	LAYER_TYPE.CONV2D	2.916448164482086	2.6686242335710384	0.7658028683276239	1152.0	466.25578529634197	1152.0	338.0	0.0	9.0	0.058000287795065754	5.831803313733282	79.95053334503905	2.4149126927765487	36.036941240680974	2.5574797600975856	3.9500396976323677	23.99619716159107	0.008944393466063785	0.007419455099990993	success	5.831803313733282	0.3568613752562585
9	25		0.15103675448204912	-1.0	64.0	128.0	2.6850242652203247	1.229246123973607	truncated_power_law	19.87533106613718	2.167817967180182	3.6727614255974355	9.749877479643937	0.010500891274950401	0.007835411984083156	0.922446847698744	1.0	2.8695622342195253	LAYER_TYPE.CONV2D	2.6065719548208626	2.44393741778353	0.4578156480357688	576.0	277.9312737493862	576.0	159.0	0.0	9.0	0.1336311165506529	2.8695622342195253	96.85493851119735	1.6939782271976005	19.55478083296093	2.1624594518505087	3.6561791680008793	11.526105790793899	0.012050100556879561	0.006868296893562525	success	2.8695622342195253	0.5934919387522913
10	27		0.14570126542105055	-1.0	64.0	64.0	5.796369300262379	1.087032071358686	lognormal	19.953792594772878	2.171079165159682	3.6797302076085283	8.424055627803968	0.008564139630677437	0.006856273812802205	0.8962059345014639	1.0	1.5400567245247425	LAYER_TYPE.CONV2D	1.8639507386124419	2.110366824388817	0.18753671739126082	576.0	128.9338124086955	576.0	34.0	0.0	9.0	0.822570548815963	1.5400567245247425	83.72017105310465	1.2409902193509594	17.18541007311532	2.0606873915347905	3.607010823829971	11.873086514554908	0.01668938992181763	0.01303825122776829	success	1.5400567245247425	0.836242777417771
11	31		0.07705765432517658	-1.0	128.0	256.0	2.1618622709623185	2.8119515397872377	truncated_power_law	35.42544249573938	2.5286276806070753	3.9313996970379024	34.360832970067555	0.013973199559713455	0.012745730629947296	0.8417587066511286	1.0	19.985176814278862	LAYER_TYPE.CONV2D	3.0848929749224068	2.206311528561793	1.3007079949341742	128.0	160.80943592797064	128.0	55.0	0.0	1.0	0.15666547665680505	19.985176814278862	8.046435486779217	4.470478365262364	34.15298096012421	2.4849133457729207	3.9060713089248487	31.706811085381414	0.01620680814705554	0.013356265820656283	success	19.985176814278862	0.761493066194619
12	35		0.11300259384614675	-1.0	128.0	256.0	2.9577772498666373	2.367671648197072	truncated_power_law	36.03825743303819	2.55982830635835	3.948690923664716	24.28644319444636	0.008785662364675366	0.007986231778007155	0.9225648642130491	1.0	6.3166989867844725	LAYER_TYPE.CONV2D	3.7456553995940225	2.9736194392744264	0.8004901817078443	1152.0	941.0646051849003	1152.0	208.0	0.0	9.0	0.13574742808328916	6.3166989867844725	148.98044170756836	2.513304395966488	35.362977373673495	2.537486443999591	3.9300032077110507	30.317329436749628	0.014357166293010048	0.012199737980804388	success	6.3166989867844725	1.409713360117018
13	37		0.12976357017956774	-1.0	64.0	128.0	2.4485972022341196	1.4903115960467284	truncated_power_law	19.68927111064294	2.1613593052905897	3.6652575053965157	8.420538793373632	0.008863718899812125	0.00766117520731064	0.9203463405915291	1.0	4.061055605706277	LAYER_TYPE.CONV2D	2.7969377321228626	2.531083727600217	0.6086389360761159	576.0	339.69075523293867	576.0	193.0	0.0	9.0	0.10427230826586113	4.061055605706277	83.64592564446345	2.015206095094563	18.977123077004833	2.131624486119609	3.654500185071955	11.985746992505687	0.019166415299666378	0.010878521486061705	success	4.061055605706277	0.5737615856462509
14	39		0.09723066083237175	-1.0	64.0	64.0	2.454553483995463	1.7982259678728691	truncated_power_law	19.877159442804057	2.1711677528006925	3.6749454427275228	10.083679859804494	0.010655317809063652	0.00784981896293105	0.8615172434003739	1.0	5.402666786804083	LAYER_TYPE.CONV2D	2.701671816232689	2.3549206219230365	0.7326081829538138	576.0	226.4230425560125	576.0	107.0	0.0	9.0	0.14061699282469117	5.402666786804083	41.90949608608969	2.3243637380591022	18.91054570903118	2.1332193139546978	3.6493946570170586	10.430803078533366	0.012526224908326136	0.008102912536628221	success	5.402666786804083	0.6196409529155864
15	42		0.09384846112071332	-1.0	128.0	256.0	3.00228679045515	2.84741482088555	truncated_power_law	36.55984906293372	2.571075069499371	3.9527639495012594	23.561210652226453	0.0074018036109951765	0.006607440487850419	0.9144719247922993	1.0	8.880048366878537	LAYER_TYPE.CONV2D	4.126683972595339	3.037879204337462	0.9484153312528409	1152.0	1091.136802946858	1152.0	147.0	0.0	9.0	0.16514583106630182	8.880048366878537	122.87509683130342	2.9799410005700677	35.88072051969682	2.5533666849032444	3.940853681313804	24.840826401494997	0.008983365504010606	0.00890145903675199	success	8.880048366878537	2.0040462878525993
16	44		0.13110339462128928	-1.0	64.0	128.0	3.188947969478139	1.4706369008523892	lognormal	20.025200904986196	2.1744003258274245	3.680489264193094	8.688030844482705	0.008439760268476048	0.007748835698841517	0.9297273289004196	1.0	2.891790260666347	LAYER_TYPE.CONV2D	2.6718423409166006	2.448691163400359	0.461166790718462	576.0	280.9901935122652	576.0	113.0	0.0	9.0	0.20591890346939867	2.891790260666347	97.16824810369111	1.700526465735346	19.948470900013632	2.1754469738049482	3.679017972328769	10.045159598611006	0.00949849083706863	0.007517354157785084	success	2.891790260666347	0.8042674913946568
17	46		0.13382657102732448	-1.0	64.0	64.0	4.57989989492089	0.757534888455447	lognormal	20.067330162899506	2.1750601641079834	3.6745752272790315	8.820090114080356	0.008748278040250626	0.007048859565753681	0.9007977059462854	1.0	1.463538818091487	LAYER_TYPE.CONV2D	1.7385283975316734	2.1157640856045994	0.16540424590842115	576.0	130.5461551842057	576.0	54.0	0.0	9.0	0.487162670711072	1.463538818091487	89.19897003787237	1.2097680844242367	20.009832679653897	2.1758025938941015	3.688696209234734	9.23624836799276	0.009762692449958104	0.006353165693610095	success	1.463538818091487	0.6658953509381537
18	49		0.12723188396543567	-1.0	128.0	256.0	2.906950485901873	2.428440914272138	truncated_power_law	36.35061213505591	2.5662076473644975	3.9508099066286517	23.2256386794581	0.007254421438468208	0.007434052403997371	0.9252986893380342	1.0	6.845280050687903	LAYER_TYPE.CONV2D	3.9331045710435255	3.062885783833182	0.8353912204729972	1152.0	1155.8082333867947	1152.0	242.0	0.0	9.0	0.12258341999710876	6.845280050687903	168.8474722477781	2.616348610313217	35.666465134771165	2.550734838729894	3.9399113490436584	26.005236859986223	0.009962340678064693	0.009248148696851782	success	6.845280050687903	1.5683018960162458
19	51		0.12851734316326857	-1.0	64.0	128.0	2.5465285207833257	1.6306410669172346	truncated_power_law	19.763734121026072	2.1678330321291592	3.666801195256987	9.412958787639466	0.00954381130288619	0.008007951773658917	0.9223865191927153	1.0	4.368565176656922	LAYER_TYPE.CONV2D	2.9977410438779084	2.604499726691925	0.6403388195376036	576.0	402.2534028544631	576.0	183.0	0.0	9.0	0.11432267787009455	4.368565176656922	92.07906637260946	2.0901112833188864	18.816280637296074	2.1243095590173633	3.6471902252378827	10.303636001693574	0.016591731185072407	0.009782985035764582	success	4.368565176656922	0.7374223477662109
20	53		0.13222705562912607	-1.0	64.0	64.0	2.8062770611116123	0.9932338059815968	lognormal	19.777047191759564	2.1684923083159044	3.669734421662349	8.863230640553788	0.008870269766684105	0.007475931689394384	0.8927415632417682	1.0	2.2590867575902043	LAYER_TYPE.CONV2D	2.2322864332956387	2.2560730604383705	0.3539329098133171	576.0	180.33210842196968	576.0	136.0	0.0	9.0	0.15488698017800523	2.2590867575902043	79.82522486844735	1.5030258672392183	19.7264880486156	2.1603099653069107	3.6668314621086324	9.07711253844302	0.009157195236463609	0.007821194840558435	success	2.2590867575902043	0.4834263293053176
21	56		0.09418937601840077	-1.0	128.0	256.0	3.003336998969421	2.866370548965209	truncated_power_law	36.528225933168905	2.568840404414837	3.952516852998854	22.73122645382012	0.007365933934869669	0.006856381895016787	0.9260072398419219	1.0	9.003165722574519	LAYER_TYPE.CONV2D	3.9418020283105446	3.0266037882105112	0.954395244339476	1152.0	1063.17263117484	1152.0	195.0	0.0	9.0	0.14346194226755224	9.003165722574519	118.0887549930402	3.0005275740400252	36.53199868525645	2.5694115541425715	3.944742421957125	26.791124531116914	0.008840359519899043	0.007672641308841651	success	9.003165722574519	1.6180917218304836
22	58		0.10602777077996783	-1.0	64.0	128.0	5.764985842343599	2.7783305037079593	lognormal	19.83329260884187	2.169608204006823	3.6745180281407643	8.791285831700025	0.009433336733512467	0.007147843924320328	0.9356187563950885	1.0	3.033415396006831	LAYER_TYPE.CONV2D	3.310109943537092	2.4521432841683817	0.4819318866841318	576.0	283.2326294059622	576.0	35.0	0.0	9.0	0.8054296116755674	3.033415396006831	93.37086828886272	1.741670289121001	21.183169615842797	2.2103408149478336	3.669014628390278	16.73731975360773	0.014474972648086027	0.010721087223281162	success	3.033415396006831	1.4457649913999309
23	60		0.12818951893281572	-1.0	64.0	64.0	5.094176785531712	0.654834784877342	lognormal	19.96521873188055	2.174126236718137	3.6689644599952618	9.200808471470424	0.008910814413393057	0.007428708080685816	0.903930003901606	1.0	1.3444533940064445	LAYER_TYPE.CONV2D	1.615228898270802	2.105112218958417	0.1285457518351501	576.0	127.38321887085948	576.0	46.0	0.0	9.0	0.6036534341027643	1.3444533940064445	94.7472180432079	1.1595056679492535	19.082144760374575	2.142480484919838	3.640521701954199	13.677777805262343	0.019432896682934124	0.008280079972884718	success	1.3444533940064445	0.6749551383995611
24	63		0.1250163196700389	-1.0	128.0	256.0	5.1393723856947435	3.9964621146064094	lognormal	36.38987141829517	2.5664108639324916	3.9529182213534617	23.969202913880373	0.007327119203330415	0.007011672336911394	0.9305359781847741	1.0	5.992620315704979	LAYER_TYPE.CONV2D	5.159345288558561	3.0416255726309434	0.7776167622588347	1152.0	1100.5900257298397	1152.0	74.0	0.0	9.0	0.4811922657183839	5.992620315704979	183.6575600902833	2.4479829075598096	35.904563983532704	2.5514540847151346	3.9433630212879747	34.56974092699851	0.009570005684997853	0.008423854185765129	success	5.992620315704979	3.057136418168206
25	65		0.13322264028183284	-1.0	64.0	128.0	5.0867073149766275	2.357289565731272	lognormal	19.849329217392924	2.17005996618895	3.6672035120041993	9.32618659698001	0.009135797158651185	0.007597920420299863	0.9350023465232131	1.0	2.9068425334547685	LAYER_TYPE.CONV2D	3.3371669927619587	2.5103985394810753	0.46342150624447775	576.0	323.8907457604747	576.0	57.0	0.0	9.0	0.5412976072540949	2.9068425334547685	111.42356079932961	1.7049464899095128	18.87153549766623	2.1361202143326796	3.6473983116657855	5.412210952232037	0.006958536862308766	0.004815233996080132	success	2.9068425334547685	1.4206557757027332
26	67		0.13029403447691168	-1.0	64.0	64.0	4.353950064976057	1.1821979579106463	lognormal	20.21982624525596	2.184133001837989	3.6790943371765037	8.311891919276626	0.008447176188391059	0.006828742279225821	0.8987638232665907	1.0	1.8686290062025024	LAYER_TYPE.CONV2D	2.015102650746646	2.1670994075833834	0.27152308599504976	576.0	146.92625451550762	576.0	57.0	0.0	9.0	0.4442415385041193	1.8686290062025024	78.62783571689098	1.3669780562256668	19.674320832968142	2.1659670311963506	3.672932677370636	9.894691233349464	0.010639769266786656	0.00907296411226716	success	1.8686290062025024	0.7278931453213984
27	70		0.07562116244820849	-1.0	128.0	256.0	9.620938778522863	8.271873046229928	lognormal	36.31756353270146	2.567701738199405	3.949919339405467	22.13212869291895	0.006927903618818081	0.006914584223219269	0.9355660743978441	1.0	7.240660097114265	LAYER_TYPE.CONV2D	8.43772317725344	3.021659144156242	0.8597781605985791	1152.0	1051.1365658970924	1152.0	16.0	0.0	9.0	2.1552346946307157	7.240660097114265	145.17137274763368	2.690847468199241	37.97885931569705	2.5941121996793965	3.9835233202587492	38.91439947447784	0.011908788416463081	0.007932976476182477	under-trained	7.240660097114265	4.4126843422167275
28	72		0.08839263844441836	-1.0	64.0	128.0	4.417435517562055	2.2902486438755534	truncated_power_law	19.961542283763055	2.174443366279979	3.6707401974514395	8.896690319799934	0.009108628968000094	0.00750919578759427	0.9355645414108504	1.0	3.299564406848395	LAYER_TYPE.CONV2D	2.93524948230629	2.44042365155088	0.5184566101237675	576.0	275.69167470842183	576.0	60.0	0.0	9.0	0.44118902820851874	3.299564406848395	83.55396067923732	1.8164703154327613	20.521942281016102	2.180268957964212	3.671688197346411	9.923725201770248	0.010254654129680922	0.006311214741330695	success	3.299564406848395	1.1241041839145949
29	74		0.14130466765747401	-1.0	64.0	64.0	4.162481796221892	0.34314918535617356	lognormal	19.944392931301795	2.1723328476024757	3.6696310625013897	8.986155520136215	0.008773156995554879	0.006835803047552348	0.9040275460006953	1.0	1.209034248203187	LAYER_TYPE.CONV2D	1.56191085779204	2.0950629115660417	0.08243860325530686	576.0	124.4694904263129	576.0	78.0	0.0	9.0	0.3580805508762397	1.209034248203187	102.94951579022177	1.0995609342838564	20.129663723367727	2.1762424432138148	3.6748530767735197	7.450144307460638	0.005996903252691645	0.006036714127534847	success	1.209034248203187	0.5238270272623475
30	77		0.1291553931701358	-1.0	128.0	256.0	3.770272734588651	2.6998590767428117	lognormal	36.38972691202284	2.56830686856813	3.9520715133467763	23.94245711282272	0.007311944629844641	0.006622862784349033	0.9358096193407993	1.0	5.201051890420342	LAYER_TYPE.CONV2D	4.048092488785326	2.99530894292979	0.7160911867128824	1152.0	989.256569271324	1152.0	148.0	0.0	9.0	0.22771501606300856	5.201051890420342	190.20317238007283	2.2805814807676446	36.78582625143761	2.576571915206236	3.955504215247769	19.210119495873247	0.00652032075681397	0.006859182088829385	success	5.201051890420342	1.8720683172473351
31	79		0.12730518987339012	-1.0	64.0	128.0	4.606184435376296	2.101298783110144	truncated_power_law	20.07584306531226	2.177106179804814	3.678714182334247	8.324346095615475	0.008733189543739112	0.007180306876787274	0.93468172564818	1.0	2.8588459972934626	LAYER_TYPE.CONV2D	3.0207352996250085	2.461082657084	0.45619076104981926	576.0	289.12301032845	576.0	55.0	0.0	9.0	0.4862578100695566	2.8588459972934626	101.1327684674759	1.6908122300520134	19.726357589026065	2.1685119330186096	3.6695914607251585	10.413114090767492	0.012149967951824006	0.00700582119903819	success	2.8588459972934626	1.246318568627644
32	81		0.11280649408701571	-1.0	64.0	64.0	3.4077029182589236	0.9914467492020231	truncated_power_law	19.941057331311757	2.1768529030704125	3.681854114636087	8.920176287216787	0.00890229303643981	0.006611918971271893	0.8907744964340887	1.0	1.9540822300750673	LAYER_TYPE.CONV2D	2.002358819986243	2.1480864320793067	0.290942835389118	576.0	140.63273796427623	576.0	80.0	0.0	9.0	0.2691893697425786	1.9540822300750673	71.96868985338132	1.3978849130293478	18.823806302616706	2.1362257716930353	3.656331371004916	9.115720996808786	0.013401207720535647	0.007922921351151737	success	1.9540822300750673	0.5650637967282168
33	84		0.11646523812117615	-1.0	128.0	256.0	3.4713871266831986	2.703507906874506	lognormal	36.526952949287164	2.5682624756845054	3.9552852200970436	23.307056310175028	0.007699801836749102	0.007213352688107224	0.9298006802665382	1.0	6.008936074703622	LAYER_TYPE.CONV2D	3.9434878197299	2.982081622784129	0.7787975838516238	1152.0	959.5809614837073	1152.0	168.0	0.0	9.0	0.19067165635020317	6.008936074703622	159.6923231590605	2.451313132731847	36.66862280865747	2.5700532237527782	3.952417007135726	23.982266775541365	0.00891481075584801	0.008235709996995647	success	6.008936074703622	1.7177328880551006
34	86		0.13818537867853076	-1.0	64.0	128.0	4.358219113307313	1.59127041672232	lognormal	19.88035049750253	2.1729181977862155	3.674585714474856	9.135722224247576	0.009083841956858914	0.0068321499334383536	0.9341937565262434	1.0	2.318031940270864	LAYER_TYPE.CONV2D	2.7057593133234223	2.4160237764426578	0.36511941583284824	576.0	260.62962337290855	576.0	73.0	0.0	9.0	0.3930498175574603	2.318031940270864	112.4357343162639	1.5225084368471866	20.208789710231486	2.181138855415168	3.670371335522197	8.4825250169221	0.008905745402160343	0.007426947272901244	success	2.318031940270864	1.015064910528186
35	88		0.16706344766304781	-1.0	64.0	64.0	4.849788627316496	0.649541542820649	lognormal	20.010074584050678	2.1737547332590017	3.676343438545552	8.626404184167994	0.008258262211075824	0.007649417583182504	0.9001129637683087	1.0	1.361231305224428	LAYER_TYPE.CONV2D	1.7054769218767991	2.119480366030638	0.1339319283240713	576.0	131.66803857236928	576.0	51.0	0.0	9.0	0.5390782342548819	1.361231305224428	96.72716023134731	1.1667181772923692	19.49035469589478	2.1626815361111604	3.6613023840230867	10.512087609255623	0.011237812203012114	0.007449530301587174	success	1.361231305224428	0.6932396488331259
36	91		0.13794642820129627	-1.0	128.0	256.0	2.9602819403831497	2.0734402100764084	lognormal	36.39643983923923	2.5665166190709794	3.952953764764013	20.886630206574207	0.00676984325466031	0.006749446511588043	0.9338199886215836	1.0	5.016719770216123	LAYER_TYPE.CONV2D	3.622335470186663	2.979677003174732	0.7004198423775956	1152.0	954.2825956583105	1152.0	261.0	0.0	9.0	0.12133840594727215	5.016719770216123	190.2204307531412	2.239803511519732	36.72315293528597	2.5707016695991145	3.9599978893588235	18.053384557528357	0.006157054366220372	0.006476640957853283	success	5.016719770216123	1.2294924433960708
37	93		0.1428571428571468	-1.0	64.0	128.0	19.33981331754479	7.240860676666531	truncated_power_law	20.007225261040226	2.17263026907797	3.6718965299004345	8.413181526354625	0.00891657196250116	0.007166147847939744	0.9347401599660818	1.0	2.3681095408732658	LAYER_TYPE.CONV2D	7.439743412552559	2.4277002586549847	0.3744017875342018	576.0	267.7319854513052	576.0	7.0	0.0	9.0	6.931797875653424	2.3681095408732658	113.05726396109877	1.5388663167648013	20.572098124679673	2.1783910083378837	3.6706042558086374	11.408596148295162	0.01069393469760004	0.007308332491536541	under-trained	2.3681095408732658	1.9900944945075325
38	95		0.15618642625706652	-1.0	64.0	64.0	3.1386706854096182	0.46822354261291654	lognormal	20.127031732900555	2.1784438480941746	3.6813942779611564	9.297877307396508	0.00981263129288412	0.006681392640788715	0.8907623283451759	1.0	1.409869555639111	LAYER_TYPE.CONV2D	1.7659623314637378	2.098081793628323	0.1491789325938188	576.0	125.3377209753139	576.0	103.0	0.0	9.0	0.21072948426857932	1.409869555639111	88.90022518324172	1.1873792804488004	19.902507020373413	2.1723152133111356	3.6766653739932935	9.389068289388502	0.010025913991760354	0.006408433642352825	success	1.409869555639111	0.4313334900703034
39	98		0.11579133617525622	-1.0	128.0	256.0	3.52490689993639	2.7972136110121975	lognormal	36.56617807685689	2.5708084968986973	3.9543962020544416	22.818094345355174	0.0073541062356219785	0.007132332338788734	0.9315059367547748	1.0	6.216654551906736	LAYER_TYPE.CONV2D	4.010956916650577	2.999254569539457	0.7935567350906986	1152.0	998.2850551350389	1152.0	158.0	0.0	9.0	0.2008708076109956	6.216654551906736	160.58235933808655	2.493321991221097	36.1858494068789	2.561763267345226	3.9465730179756853	24.999450294146023	0.010265313090220676	0.008344697720518402	success	6.216654551906736	1.8281127811974276
40	100		0.10550035793572266	-1.0	64.0	128.0	7.175795447140827	3.803729975030232	lognormal	19.991846065441734	2.17451784485432	3.6774771011409713	9.104310829548686	0.009642319318903659	0.008094225574917633	0.9292242020448838	1.0	3.389048745867255	LAYER_TYPE.CONV2D	4.113566769375883	2.435383116093384	0.5300778154909385	576.0	272.5104218916799	576.0	22.0	0.0	9.0	1.3166840133961417	3.389048745867255	80.40911840645263	1.8409369206649246	20.099350857652308	2.1818869507988805	3.6829078781323545	11.594666155598569	0.01439151116903971	0.006890244563863918	under-trained	3.389048745867255	1.7077731236226419
41	102		0.1334710487750228	-1.0	64.0	64.0	5.953925121296371	1.8399198504131908	truncated_power_law	20.001598765222298	2.1720267309771857	3.6737004459940543	8.905327512991729	0.008530891250951871	0.007445033719799211	0.8883292685251477	1.0	2.0371657555121887	LAYER_TYPE.CONV2D	2.259802114740979	2.1306916298495593	0.30902636713250736	576.0	135.11128668391072	576.0	27.0	0.0	9.0	0.9533833341085698	2.0371657555121887	66.32316801827486	1.4272931568224478	18.778266151909445	2.1244178066143635	3.6643811093143888	11.194045377014357	0.013077274256596829	0.004779587966604907	success	2.0371657555121887	0.9867348789754378
42	105		0.1004578675789517	-1.0	128.0	256.0	7.391485148633159	6.062635462333442	truncated_power_law	36.383948837825606	2.5679598916098145	3.95364338854367	23.68614618478501	0.0075940369174217525	0.007001104845870365	0.9340725511274608	1.0	6.610264719132948	LAYER_TYPE.CONV2D	6.7846265348057155	3.0528902791100854	0.8202188518845296	1152.0	1129.5105171818045	1152.0	33.0	0.0	9.0	1.1126147527497154	6.610264719132948	170.87220635998366	2.571043507825752	33.73095872815996	2.4974985453653127	3.9107871531534455	32.90148566316294	0.01667085519251083	0.01017969128281945	under-trained	6.610264719132948	4.008366908899511
43	107		0.10999863087734363	-1.0	64.0	128.0	3.704402969160079	2.186505130640661	truncated_power_law	20.10878117690635	2.1775907567966053	3.682582026639008	9.221912632452614	0.009659995981284827	0.007303164101173852	0.9259910045306536	1.0	3.8926463188656766	LAYER_TYPE.CONV2D	3.123541178727918	2.5104759613064562	0.5902449460395558	576.0	323.9484910211473	576.0	72.0	0.0	9.0	0.3187169464256876	3.8926463188656766	83.22063308221293	1.9729790467376171	19.172131925894497	2.136918754708474	3.6269158217514477	7.697599735529486	0.008547622457787412	0.008128322108082127	success	3.8926463188656766	1.243405862229854
44	109		0.12121839745621665	-1.0	64.0	64.0	5.5207605902887495	2.5781509120588355	truncated_power_law	20.036029675603608	2.1748097346692314	3.6794369490521754	9.113462548755656	0.009371567567015047	0.0075820352047945875	0.8844788803630055	1.0	2.9308391130423015	LAYER_TYPE.CONV2D	2.8453784248144554	2.1957045025386734	0.4669919787128447	576.0	156.92946802622137	576.0	22.0	0.0	9.0	0.9638293963217737	2.9308391130423015	53.54421105132712	1.711969366852778	19.47820734683346	2.1488004596196095	3.672207744719333	10.54278702977121	0.012207957457573464	0.00844045427104347	success	2.9308391130423015	1.24400266119139
45	112		0.12662494868732016	-1.0	128.0	256.0	2.8256820303136756	2.4072263601467094	lognormal	35.89425636706258	2.5546945438299704	3.9475232739048995	23.275846150154365	0.00793148606229164	0.007192430363023756	0.9318738965236153	1.0	7.110658998817824	LAYER_TYPE.CONV2D	3.887318963770616	3.0861651918341466	0.8519098519657168	1152.0	1219.453352064112	1152.0	282.0	0.0	9.0	0.10871778280115688	7.110658998817824	171.49653109041668	2.6665818942642328	35.10945094751989	2.5384957170536033	3.9308585343009863	28.909833757934283	0.010062723831967846	0.00901906121453791	success	7.110658998817824	1.4533902277925237
46	114		0.1313584777877781	-1.0	64.0	128.0	2.3271250124022895	1.466988653546955	truncated_power_law	19.873090291220553	2.1691032900559057	3.676413649918955	8.53839720778908	0.008600297168503421	0.006794043463786277	0.9185611964799695	1.0	4.269595169942284	LAYER_TYPE.CONV2D	2.8280856875778593	2.5556610868847662	0.630386698492224	576.0	359.46870481821026	576.0	224.0	0.0	9.0	0.08867226974691939	4.269595169942284	84.19269052692636	2.066299874157254	19.608853467886455	2.1574070853422804	3.664848761285407	9.743319907768496	0.01120385912645992	0.008251020270142297	success	4.269595169942284	0.51209555422962
47	116		0.12892787370067388	-1.0	64.0	64.0	2.8241309772584517	1.687785005837566	truncated_power_law	19.83337229949217	2.166574105896327	3.6761299716929545	10.064615765908126	0.010484879417919887	0.007339705233509217	0.8745456561383412	1.0	3.95940440456271	LAYER_TYPE.CONV2D	2.5637534716231123	2.306340210798692	0.5976298618685162	576.0	202.46045605931954	576.0	92.0	0.0	9.0	0.19017880094320264	3.95940440456271	51.13406850434616	1.9898252196016388	18.75263112023933	2.1288121216689904	3.6462632776557564	7.798716651117689	0.011047886796412377	0.007904516418875105	success	3.95940440456271	0.7107993062388217
48	119		0.10855764115032257	-1.0	128.0	256.0	3.625136467219698	3.2748098802087977	truncated_power_law	36.0772538062156	2.55785225417201	3.944467402120747	23.666731431796105	0.007990556209090428	0.007361365023328488	0.9335817138153067	1.0	8.005008933935098	LAYER_TYPE.CONV2D	4.42375794849372	3.099253491049787	0.9033618209469549	1152.0	1256.7633031817627	1152.0	151.0	0.0	9.0	0.21363057597226842	8.005008933935098	156.99711437598154	2.8293124489768	33.814668882072716	2.50795684451069	3.908668233728402	32.381107616315624	0.016651460277992546	0.011807699688292731	success	8.005008933935098	2.337685259823908
49	121		0.08813326521855708	-1.0	64.0	128.0	3.459296416438512	2.7028606574666485	truncated_power_law	19.597843506001986	2.157333003094646	3.6675724516839776	9.902874351267753	0.011165869044671428	0.008456433134980217	0.9156630108723454	1.0	6.044111711902966	LAYER_TYPE.CONV2D	3.523510366564318	2.5988691996372637	0.7813324827044902	576.0	397.07194174207734	576.0	61.0	0.0	9.0	0.31488063999093907	6.044111711902966	65.69566557813683	2.458477519096517	18.768592265262264	2.114121663502599	3.6136010495014363	21.150383666061586	0.03985750657616848	0.02847815027258552	success	6.044111711902966	1.65115471224233
50	123		0.15680535340116386	-1.0	64.0	64.0	2.819199209644075	1.804462348241983	lognormal	19.744948719396156	2.165071740803489	3.6726142413677945	8.883843488754643	0.009070329347382229	0.007707433641962135	0.8814717612716794	1.0	4.3657817652974655	LAYER_TYPE.CONV2D	3.0533923204028888	2.517568716859391	0.6400620226017292	576.0	329.2825504095572	576.0	108.0	0.0	9.0	0.17505252556626022	4.3657817652974655	75.42350216104339	2.089445324792555	19.534307064827885	2.1557001487706566	3.6779516332305358	9.826410928450196	0.012439772832795003	0.008619109203947777	success	4.3657817652974655	1.0451545954983545
51	126		0.10615048132313964	-1.0	128.0	256.0	2.689158672620458	2.5456050726027244	truncated_power_law	36.22579194405255	2.5611316221435723	3.950138707475367	24.788479050228002	0.0076108301052777395	0.007021958118217596	0.9218002232009022	1.0	8.843367099585604	LAYER_TYPE.CONV2D	3.9564155606222577	3.089620424808683	0.9466176535139716	1152.0	1229.1939805216366	1152.0	258.0	0.0	9.0	0.10516242552085737	8.843367099585604	138.99615007266135	2.9737799346262332	33.770504236658795	2.485567237008508	3.8778815189647116	44.82021892633394	0.03477377921316356	0.02347347984374171	success	8.843367099585604	1.4829973623705868
52	128		0.08045745232979606	-1.0	64.0	128.0	2.974108353705608	2.2922865237892154	truncated_power_law	19.40464771921186	2.1486446224735043	3.663355986548174	9.349736963506937	0.010873633990709477	0.00732460618649336	0.9238954003479789	1.0	5.898580104668527	LAYER_TYPE.CONV2D	3.363714113565552	2.657930138275866	0.770747481655511	576.0	454.91487549034196	576.0	132.0	0.0	9.0	0.17182407740781697	5.898580104668527	77.12277656961753	2.428699261882485	17.4019411258971	2.0484315351900366	3.576703746366257	24.30871604877346	0.055878503840368576	0.04116171456029144	success	5.898580104668527	1.132394437668906
53	130		0.09382884054687324	-1.0	64.0	64.0	3.344375946200706	3.852348707062648	truncated_power_law	19.70238583508811	2.1634317193067045	3.6681590009717273	9.080715917617345	0.00963954844536265	0.008633409741470754	0.8874879994111063	1.0	14.186937451171268	LAYER_TYPE.CONV2D	4.698229844694157	2.9527975135497986	1.1518886539771378	576.0	897.0104727790916	576.0	107.0	0.0	9.0	0.2266393771233176	14.186937451171268	63.2279148242128	3.766555117235279	20.713406388552364	2.19371444513961	3.6789467792313033	9.035550558059501	0.007960085062022365	0.006001667547264748	success	14.186937451171268	3.0371767700182093
54	131		0.08236297335475473	-1.0	256.0	256.0	3.1693162906857077	4.672529468018115	truncated_power_law	62.64093710008843	2.973900796107647	4.024215258030972	85.71413509721302	0.013114232681285223	0.011559357317357728	0.7363287034012999	1.0	29.80588616814397	LAYER_TYPE.CONV2D	4.772577159413699	2.3834558538572477	1.4743020385028136	256.0	241.79975353831867	256.0	23.0	0.0	1.0	0.4523337152567973	29.80588616814397	8.112483291865692	5.459476730250251	71.38317672966247	3.0558950523212283	4.115965713035469	193.6969259426356	0.024186921668408957	0.006843618851876734	success	29.80588616814397	3.6597673859012483
55	133		0.12484890289888217	-1.0	68.0	256.0	7.185741920905507	-2.6076601877054943	truncated_power_law	9.8166559732099	1.656038582446416	3.129868304977981	10.092495653905512	0.043520487648886684	0.11013424621825638	0.9792905156125723	1.0	0.4336170392059698	LAYER_TYPE.CONV2D	-2.350934311849901	1.0665632335067416	-0.3628936603079243	68.0	11.656367558117651	68.0	10.0	0.0	1.0	1.956103348804652	0.4336170392059698	26.881710136351057	0.6584960434246889	7.832798292555672	1.5786498330908767	2.8254702013156114	2.117618477507173	0.008430343698826608	0.05119951785617208	under-trained	0.4336170392059698	0.2560511919202129
56	134		0.09951496715850205	-1.0	256.0	256.0	1.6384730033760366	2.9990700938043937	truncated_power_law	66.80055956511798	3.0400172011197926	4.074002701316182	60.877367513689144	0.006228367043431592	0.007679898611636275	0.7383569426059897	1.0	67.67146197595662	LAYER_TYPE.CONV2D	3.430025805217774	2.690780149400837	1.8304055590936668	256.0	490.6594293444857	256.0	129.0	0.0	1.0	0.05621441344868745	67.67146197595662	7.250610745173717	8.226266587945993	64.61323680847694	3.0103902066850514	4.053801845905691	74.12298689713936	0.010562787389050102	0.008378946306131969	over-traoined	67.67146197595662	0.3365337218689295
57	135		0.12755540092619366	-1.0	68.0	256.0	3.8021273759825136	3.8137655719884886	truncated_power_law	19.838176200521335	2.161100015121464	3.690466777518086	8.9008373847859	0.012891412843594859	0.008404861970549635	0.9265262927146096	1.0	10.07073039400627	LAYER_TYPE.CONV2D	4.146473080529419	2.1687005895928246	1.0030609695191939	68.0	147.4689505336247	68.0	15.0	0.0	1.0	0.723506177408811	10.07073039400627	14.643322258075028	3.17344141178095	20.722709806203955	2.191093852640335	3.679335917291382	18.24699798808933	0.020661746916821693	0.004776032012726543	success	10.07073039400627	3.3311572368558635
58	139		0.0520366280446779	-1.0	128.0	256.0	4.167805080667642	4.035042138385708	truncated_power_law	35.66557006539063	2.552779024183933	3.9404266575243683	25.902715992972542	0.009362005415104683	0.008144409472899983	0.923016748136538	1.0	9.29277874686512	LAYER_TYPE.CONV2D	4.30287480895681	2.8467101642232016	0.968145597091919	1152.0	702.6032659616612	1152.0	65.0	0.0	9.0	0.39291786241095705	9.29277874686512	75.60744585667463	3.0484059353808375	35.35714880482424	2.5293293674082507	3.9235410749114505	42.214576378979565	0.020759774645911257	0.01132959785483148	success	9.29277874686512	1.999610817822276
59	141		0.09166983815391883	-1.0	64.0	128.0	5.660656312072208	3.007552029974428	truncated_power_law	19.45811857393975	2.1541270508785346	3.6662688572676374	9.77366859306717	0.01079606786652908	0.008085828681357892	0.9262403582180814	1.0	3.398662253510855	LAYER_TYPE.CONV2D	3.623858289396591	2.4655939155995763	0.5313080081474593	576.0	292.14194449432495	576.0	34.0	0.0	9.0	0.7992959633558868	3.398662253510855	85.95792188309949	1.8435461083224511	17.7674358729363	2.0850628021767346	3.6326222954574625	13.036995275866571	0.01890390365893208	0.005332217293959034	success	3.398662253510855	1.641433019626125
60	143		0.062431834382186246	-1.0	64.0	64.0	3.94271308889619	2.982425813987374	lognormal	19.7576601866623	2.1663016474988797	3.668373975582748	9.64213087814286	0.010002034716222965	0.008037741117198507	0.8861811067400799	1.0	5.707421947817839	LAYER_TYPE.CONV2D	3.177135981674382	2.331211062307865	0.7564399809833335	576.0	214.39322753176384	576.0	48.0	0.0	9.0	0.4247440485055126	5.707421947817839	37.56393508171135	2.389021127536933	19.97928229134266	2.1784653631296353	3.690337557262405	9.957174247654626	0.009755054566632679	0.007113011928260621	success	5.707421947817839	1.1332585385481007
61	146		0.08534569776093925	-1.0	128.0	256.0	3.0246025382893396	2.8352976564033017	truncated_power_law	36.67921478774298	2.5744406444023986	3.9570780094888094	22.818031098021486	0.007233064035454283	0.006647944777324662	0.9250511784465336	1.0	8.657881754753044	LAYER_TYPE.CONV2D	3.785620297127712	2.9638938697852666	0.9374116501293737	1152.0	920.2246654289894	1152.0	190.0	0.0	9.0	0.14688010574413615	8.657881754753044	106.28750674768689	2.9424278673831656	36.50741255292	2.5657423079410093	3.9495091243421423	24.569218224257632	0.008291593636368692	0.007053386204624018	success	8.657881754753044	1.4314155520438399
62	148		0.13735179781652207	-1.0	64.0	128.0	5.14492707229157	1.8626283445092702	lognormal	20.159241817701655	2.179158866561292	3.679143907538531	8.26553335314786	0.00803936957929897	0.007033986647971114	0.9377592785097955	1.0	2.3016115100374854	LAYER_TYPE.CONV2D	2.8456367254027777	2.417208420861838	0.3620320207337066	576.0	261.3415249168535	576.0	54.0	0.0	9.0	0.5640531304534727	2.3016115100374854	113.54719238113174	1.517106294904047	19.808754248003147	2.167529609986768	3.673072013191774	12.031573693928012	0.014082478467908239	0.00895159748869559	success	2.3016115100374854	1.1463075389521373
63	150		0.13865230483210567	-1.0	64.0	64.0	4.164165508594374	0.31761063599758715	lognormal	20.031152075688652	2.1767928677049975	3.6723755870469246	8.813662221036996	0.009159434692485383	0.007756415432456672	0.8978812212440026	1.0	1.191989245937852	LAYER_TYPE.CONV2D	1.4599455341399976	2.047153108446186	0.07627233724069664	576.0	111.46874420646157	576.0	65.0	0.0	9.0	0.39246642905483103	1.191989245937852	93.51489083171924	1.091782600125983	19.77100490073541	2.1617655376506404	3.6616164430425036	9.659194938357416	0.012033839805331289	0.011020505460413433	success	1.191989245937852	0.5194227478006227
64	153		0.10926129981619248	-1.0	128.0	256.0	5.510089497480217	3.884235276539927	truncated_power_law	35.21393866621821	2.5376720665404964	3.9288121436419843	26.039636766312345	0.010927111025090502	0.008867721906212616	0.9271560708919855	1.0	5.0691066833418885	LAYER_TYPE.CONV2D	4.653333079029898	2.8592750994774323	0.7049314313889459	1152.0	723.2277799095693	1152.0	38.0	0.0	9.0	0.7316331277081675	5.0691066833418885	142.6736159028261	2.2514676731727437	34.31155699536528	2.5133848536189087	3.909477068485707	18.642669331009873	0.01338980206420094	0.009483645982916154	success	5.0691066833418885	2.526806475409761
65	155		0.12083213300124651	-1.0	64.0	128.0	3.8617970792706084	2.0161920001875053	truncated_power_law	19.635677821503357	2.1607158271851095	3.6685188305563896	9.57898589902096	0.011329826969104347	0.008014072544496886	0.9183960903512853	1.0	3.3272579296387335	LAYER_TYPE.CONV2D	2.902043875800059	2.4191339492570507	0.5220864687608886	576.0	262.5028054793896	576.0	65.0	0.0	9.0	0.3549622411755019	3.3272579296387335	78.89463667395681	1.824077281706763	18.530738546549486	2.1172815154035876	3.6405184748359423	11.292552828954197	0.018045872818012648	0.01896783330176175	success	3.3272579296387335	1.1183402779409906
66	157		0.14084691344929057	-1.0	64.0	64.0	3.0021520828802637	0.7364341017223235	truncated_power_law	20.0347187663039	2.1738837336312904	3.675834504219583	8.768638302390066	0.009100832322779983	0.008054038322183243	0.882596625514384	1.0	1.7591467235931402	LAYER_TYPE.CONV2D	1.9236569002314785	2.1178911696007607	0.24530206378345393	576.0	131.18711143967556	576.0	100.0	0.0	9.0	0.20021520828802636	1.7591467235931402	74.57428631747084	1.3263282865087136	18.496715225198265	2.1228804701065385	3.649626859907837	8.65536783269702	0.011279306651525442	0.006908495860218797	success	1.7591467235931402	0.4527621141773558
67	160		0.08040819101425278	-1.0	128.0	256.0	3.8937257298626884	3.3908682380626938	truncated_power_law	36.53672671534273	2.5708299586515615	3.9567672055900216	21.37258387766932	0.006515100887842059	0.006255591226433356	0.9276376864471255	1.0	7.42770101374429	LAYER_TYPE.CONV2D	4.279680038401013	2.944898760540403	0.8708544138218672	1152.0	880.8435134654694	1152.0	74.0	0.0	9.0	0.3363887832687726	7.42770101374429	118.5889835678022	2.7253808933329466	35.3864249654322	2.54231540138092	3.9335487399464464	24.340153674707942	0.006949552121233469	0.005792175176528501	success	7.42770101374429	2.31293037330418
68	162		0.10394497942839243	-1.0	64.0	128.0	4.379742425501911	1.8199857236574135	truncated_power_law	19.962044375394917	2.1740536292832724	3.6769169440406353	8.468050284060011	0.008848345644213823	0.006675344475646038	0.9369541557348767	1.0	2.6034323181318126	LAYER_TYPE.CONV2D	2.624484398855922	2.382591199098943	0.4155462917317212	576.0	241.3188233679283	576.0	62.0	0.0	9.0	0.42922771726667464	2.6034323181318126	92.69256653504839	1.6135155153055742	19.882845203143034	2.1706952857452024	3.672293495023399	11.425403640267211	0.01217885917489914	0.0075697072948981824	success	2.6034323181318126	0.975453449837495
69	164		0.11324684728773238	-1.0	64.0	64.0	4.837957549984409	0.4483280369804081	lognormal	19.89471593957895	2.1699078993265446	3.6761064923362343	8.740418577821528	0.009556641814757552	0.007242406342855796	0.9016914050562265	1.0	1.237852406735862	LAYER_TYPE.CONV2D	1.2265387421270084	2.022849037166496	0.09266886539379678	576.0	105.40204501695418	576.0	55.0	0.0	9.0	0.5175100904678501	1.237852406735862	85.14912152967626	1.112588156837858	19.20924967868746	2.137602156098392	3.6437412931288007	12.728317002567684	0.015542312227386999	0.009377671815251247	success	1.237852406735862	0.5253202643963939
70	167		0.11236923731005799	-1.0	128.0	256.0	3.0058213318759637	2.15976521498891	truncated_power_law	36.06338149529767	2.5579050982418687	3.946665584330154	25.096199230605265	0.008556243103239701	0.007715567706201746	0.9269990506349108	1.0	5.230310551639304	LAYER_TYPE.CONV2D	3.436276881114142	2.8718330545114514	0.7185274760296476	1152.0	744.4457493396626	1152.0	220.0	0.0	9.0	0.13523244660766118	5.230310551639304	142.3329918921039	2.2869872215732436	35.58274128182616	2.543238900622855	3.933346531674879	25.961176481046394	0.009072918166143725	0.007384328414221036	success	5.230310551639304	1.0714754656947731
71	169		0.10035936608297036	-1.0	64.0	128.0	3.6260599127372424	1.8013891916889768	truncated_power_law	19.72200642511094	2.1646474879855995	3.6620129339166074	9.943821752412761	0.010777365324275793	0.007775596390611286	0.9267761472158599	1.0	3.138988273122472	LAYER_TYPE.CONV2D	2.6605993558430825	2.3922515324453104	0.49678969323183164	576.0	246.74680189080283	576.0	82.0	0.0	9.0	0.289999803727552	3.138988273122472	78.6071117256371	1.7717190164138534	19.58106378966285	2.15811529878103	3.6751741835895397	11.353086345405757	0.010454565674762245	0.009207144871680135	success	3.138988273122472	0.8744285378026808
72	171		0.11107216178059143	-1.0	64.0	64.0	4.013454648579156	0.9991157422135533	truncated_power_law	19.707316440166995	2.1638064781276456	3.6718188832466065	9.22499578387578	0.00955736403637802	0.00788855658833984	0.8878030955816654	1.0	1.773950839008387	LAYER_TYPE.CONV2D	1.8489792021071418	2.0863664342440518	0.2489415801838599	576.0	122.00185505829245	576.0	57.0	0.0	9.0	0.39914181885911626	1.773950839008387	68.77409022591051	1.3318974581432261	18.454414958402626	2.1100523707226975	3.6458377805913162	13.579573580762869	0.019720158819213098	0.007725663845938029	success	1.773950839008387	0.6240102431072974
73	174		0.051891143354556246	-1.0	128.0	256.0	4.200086593829445	4.462930166183016	lognormal	36.38871400494159	2.5684299141340006	3.9548499067626097	20.756455577874465	0.006881662236481198	0.006923466622957185	0.930254146706318	1.0	11.549960864523861	LAYER_TYPE.CONV2D	4.625922597088954	2.917797794515234	1.0625805126826975	1152.0	827.5567674296241	1152.0	74.0	0.0	9.0	0.37200251030842446	11.549960864523861	71.65017935008731	3.3985233358804323	35.63700845751545	2.5533419937627837	3.9378744732299826	25.813353158597348	0.009478481704442192	0.006917272362624358	success	11.549960864523861	2.1485641233773234
74	176		0.084345620955256	-1.0	64.0	128.0	3.534951333457956	2.0397657956161614	lognormal	20.044066528400563	2.175292012812654	3.674385904085814	9.048568936637352	0.009128590842575982	0.0076722004299191	0.9351085425485437	1.0	3.7759650949635697	LAYER_TYPE.CONV2D	2.4243314823926356	2.3328761213416533	0.5770279710246602	576.0	215.21677603517912	576.0	110.0	0.0	9.0	0.24169812620103895	3.7759650949635697	56.996495100613615	1.9431842668577701	19.625306851338173	2.161881576607286	3.6653808322970884	9.929682786538518	0.010178388723226305	0.008153453964091737	success	3.7759650949635697	0.6347836050440244
75	178		0.07690683341697441	-1.0	64.0	64.0	6.590391887802687	1.8873109091038471	lognormal	19.707773263146628	2.164851407997637	3.667803212742847	9.518264981585922	0.01067845083955882	0.007624387681598718	0.8982745798295052	1.0	1.9336287424201952	LAYER_TYPE.CONV2D	1.939699589797405	2.0117137863408874	0.2863730930169463	576.0	102.73390264002246	576.0	23.0	0.0	9.0	1.1656772888346014	1.9336287424201952	53.130107339756044	1.3905497986121156	19.644284745038686	2.1565345869419965	3.648926167403212	11.478273527915269	0.01002532793561175	0.006886219569418603	under-trained	1.9336287424201952	0.7097987169486444
76	181		0.09593465135222962	-1.0	128.0	256.0	3.322530033669811	2.331099783230922	truncated_power_law	36.39910539537042	2.565124436598537	3.950075153996245	23.63540418687513	0.008104369970826102	0.007281986645494429	0.9265584853421769	1.0	5.030415125686101	LAYER_TYPE.CONV2D	3.512631220272092	2.841824777502005	0.7016038258821	1152.0	694.743956364512	1152.0	146.0	0.0	9.0	0.19221395323209914	5.030415125686101	138.10867274492688	2.24285869498863	35.276515936214935	2.544171837456434	3.937421031181666	23.459421860935834	0.008382505314911417	0.007833789744221598	success	5.030415125686101	1.292245874431484
77	183		0.11230312165079481	-1.0	64.0	128.0	2.7541241536602667	1.2149547251432191	truncated_power_law	19.92678814188367	2.1728719761822988	3.678210914389346	8.422303459287484	0.00845206170060336	0.0066716562680445915	0.9224234861810303	1.0	2.7614688190797754	LAYER_TYPE.CONV2D	2.404822342519039	2.3581668285426227	0.44114014378347055	576.0	228.12182038363687	576.0	163.0	0.0	9.0	0.13739360739306855	2.7614688190797754	82.60887061533275	1.661766776379819	20.008901522395394	2.1683289420033365	3.6809151704166925	10.48774764558538	0.010546065237293883	0.007543995504505784	success	2.7614688190797754	0.4841566293729671
78	185		0.11111111111111038	-1.0	64.0	64.0	12.8692555561433	3.0963112928099985	truncated_power_law	19.766618972629594	2.1655256429730803	3.6730968397201456	8.79247487230254	0.009476940695445827	0.007448411131837935	0.8825887243108816	1.0	1.7401935114719698	LAYER_TYPE.CONV2D	3.2196770199116362	2.057121187688726	0.24059754500188907	576.0	114.05680129213444	576.0	9.0	0.0	9.0	3.956418518714433	1.7401935114719698	65.54259657919177	1.3191639441221739	16.125087134036075	2.0501421688798906	3.605003692347581	2.907380919020265	0.005410857723594923	0.0061763256625170715	under-trained	1.7401935114719698	1.2586250061285185
79	188		0.114451098682116	-1.0	128.0	256.0	5.222474484725313	3.4834144320344733	lognormal	36.62696402492029	2.5719269459737704	3.9538764959514827	22.382370832076003	0.007000555632609161	0.006716150076405269	0.9303588987227859	1.0	4.6452018046293215	LAYER_TYPE.CONV2D	4.447194612638753	2.8736776851621455	0.6670045860870665	1152.0	747.6144470181052	1152.0	54.0	0.0	9.0	0.5746059966387966	4.6452018046293215	160.94337306789268	2.1552730232221906	36.19151288215804	2.5621797330259657	3.9557421448450354	28.99963360465841	0.008725324214462286	0.008351413357608395	success	4.6452018046293215	2.2932511974566303
80	190		0.1445022679978829	-1.0	64.0	128.0	3.358628505850654	0.8326788879831735	lognormal	19.79608984085003	2.1674722938811515	3.6692240390033617	8.546698545080575	0.009153916195925045	0.007885617579616377	0.9405430825036802	1.0	1.7697922754733963	LAYER_TYPE.CONV2D	2.1683921805709745	2.338514046846196	0.24792229522635975	576.0	218.0288915438079	576.0	144.0	0.0	9.0	0.19655237548755453	1.7697922754733963	123.19462264885749	1.3303353996167269	19.852261250379673	2.1665666724000388	3.6622809771537126	8.60138024986506	0.009665652277091203	0.008246840152948718	success	1.7697922754733963	0.5555648221712733
81	192		0.1580589257654938	-1.0	64.0	64.0	4.9097743779489775	0.046033609746799306	lognormal	19.76195751869017	2.1650507242775374	3.6697994007220567	8.724288542837897	0.009527753419129828	0.00825414989681198	0.9012655541855162	1.0	1.0218235588874285	LAYER_TYPE.CONV2D	1.1585497675164822	2.021732356414994	0.009375911437712442	576.0	105.13137787615152	576.0	56.0	0.0	9.0	0.5224655779240102	1.0218235588874285	102.88603835932261	1.01085288686704	19.496792960349364	2.1608244017946516	3.644780567504495	6.688243899000805	0.007909850117507508	0.006010290416335918	success	1.0218235588874285	0.5292976935568806
82	195		0.11283895335312089	-1.0	128.0	256.0	3.5797501147417603	1.952378700484638	lognormal	36.11845280879879	2.5621774793418224	3.947614307167961	23.249889145631116	0.007301377540819466	0.0072566373850232666	0.9336360666599527	1.0	3.5107123552936215	LAYER_TYPE.CONV2D	3.294769566564913	2.803028069329042	0.5453952476862985	1152.0	635.3719958993745	1152.0	179.0	0.0	9.0	0.19281957662888247	3.5107123552936215	180.98093252821752	1.8736895034379686	34.689742206991234	2.5304195653684975	3.926812397222207	25.177141489271726	0.008289338049246257	0.008007533832430063	success	3.5107123552936215	1.0963968213293882
83	197		0.13506550237189618	-1.0	64.0	128.0	3.656529015903282	0.8934074257347816	lognormal	19.937650936681834	2.1686504995947944	3.672620553709111	8.651621837846173	0.008585740972229462	0.006970444595548386	0.9365704060896999	1.0	1.7552222009201806	LAYER_TYPE.CONV2D	2.1685698523264354	2.3146121647411224	0.24433210343719391	576.0	206.35365457278192	576.0	111.0	0.0	9.0	0.2521465756393118	1.7552222009201806	117.56554495755603	1.3248479916277869	20.103510487942128	2.1734278627866463	3.680150833069191	9.252250410050198	0.008666028149333559	0.005843565266985138	success	1.7552222009201806	0.6243750512288506
84	199		0.15128617568591884	-1.0	64.0	64.0	5.109045335968258	0.3130742728737599	lognormal	19.751887727428265	2.1655935632210377	3.6737060006258218	8.951969033045474	0.00992541818021194	0.006630359632501764	0.8977529314259204	1.0	1.1515384115804754	LAYER_TYPE.CONV2D	1.276379761436602	2.0284231540884172	0.06127842919491858	576.0	106.76358637969713	576.0	49.0	0.0	9.0	0.587006476566894	1.1515384115804754	92.71387328987588	1.0730975778467098	18.590418881919327	2.1353890074898	3.6481145437433855	5.428884834342026	0.0065356243320530884	0.007500387577547306	success	1.1515384115804754	0.5757524822875089
85	202		0.13474840070775507	-1.0	128.0	256.0	3.860564909664148	1.9815411918892423	lognormal	36.34729428254628	2.5648180901763684	3.952039512397659	22.161989824627796	0.00736834221610511	0.006914485707760178	0.9322184259247913	1.0	3.260449833653231	LAYER_TYPE.CONV2D	3.383713009789421	2.8015839914295833	0.5132775223980439	1152.0	633.2628212605765	1152.0	148.0	0.0	9.0	0.2351369871350134	3.260449833653231	194.22559878831981	1.8056715741388938	34.759646116207335	2.535066673516231	3.9344548066273335	20.300711640613226	0.008030258659081255	0.008298337872142928	success	3.260449833653231	1.2404328490155558
86	204		0.14377424099637381	-1.0	64.0	128.0	2.8918515520561634	0.7988316636717964	lognormal	20.039142537892026	2.1779608475420993	3.6808440921969967	9.279797979465641	0.008924476090244637	0.007645395629984745	0.9311272373013223	1.0	1.8890148114019922	LAYER_TYPE.CONV2D	2.1625938601234362	2.3061896999193645	0.2762353631547274	576.0	202.39030268917008	576.0	162.0	0.0	9.0	0.14863789571746755	1.8890148114019922	107.14066478862583	1.3744143521522147	20.026878051133448	2.166953621398033	3.667063387481531	10.03887885159889	0.010448809481357449	0.008213928801144415	success	1.8890148114019922	0.44918666290498965
87	206		0.12434070113519113	-1.0	64.0	64.0	3.7638660908360837	0.6101853690610286	lognormal	19.902561397128277	2.166482906473094	3.672682022667887	9.933983244228685	0.010302216272331917	0.008186209912780655	0.8870481884362127	1.0	1.452501708690756	LAYER_TYPE.CONV2D	1.504397562074929	2.010193429594578	0.1621166519570534	576.0	102.37488563140442	576.0	69.0	0.0	9.0	0.332730377160132	1.452501708690756	70.481766058425	1.2051977882035612	19.299083824865015	2.147075318230477	3.6487975311183707	7.786381645323305	0.010066185876532846	0.007300364010545181	success	1.452501708690756	0.4738046522929888
88	209		0.11187741925120676	-1.0	128.0	256.0	3.5858027425499523	2.5036181619856825	lognormal	36.17054480939272	2.565229427984665	3.949935476235976	22.38925809398841	0.007724238324608166	0.007260821692551991	0.9310138706961332	1.0	4.9911771041481385	LAYER_TYPE.CONV2D	3.647338403995397	2.881862011633023	0.6982029804030152	1152.0	761.8369131572226	1152.0	150.0	0.0	9.0	0.21112990982455732	4.9911771041481385	152.6367222120939	2.2340942469260643	35.5134328701554	2.5427238524111933	3.938174516349407	24.839523465694747	0.00944605609315932	0.007957209441910943	success	4.9911771041481385	1.4384287360000867
89	211		0.14283243688585257	-1.0	64.0	128.0	3.80410815629731	1.4671305126762608	truncated_power_law	19.93666887195108	2.1703261506674063	3.67281807517686	9.866578591127109	0.009982664214829724	0.007403663057671725	0.928313711113536	1.0	2.43035676991856	LAYER_TYPE.CONV2D	2.6143731058782596	2.3902540226427686	0.38567003155459106	576.0	245.61451163920327	576.0	85.0	0.0	9.0	0.30414823305930166	2.43035676991856	101.06109303755994	1.5589601566167623	19.635858358656805	2.161688850088109	3.661628521350943	8.427099995577347	0.012748069798587988	0.010013280032237004	success	2.43035676991856	0.8877437417377227
90	213		0.15362606506826804	-1.0	64.0	64.0	2.2707446945613303	0.4484154939427235	truncated_power_law	19.661299538708825	2.164724581680259	3.6664888380403298	9.448399516376195	0.010505041126185588	0.008451086505196381	0.8856213263326165	1.0	1.5757056114508492	LAYER_TYPE.CONV2D	1.8005557836626165	2.0701232519746373	0.19747508164027652	576.0	117.52310360216211	576.0	194.0	0.0	9.0	0.09123415209805127	1.5757056114508492	74.58442919039385	1.2552711306529953	19.78391074164163	2.1641256481495135	3.6626455071998807	10.569518759994358	0.010987772137406667	0.0068058664239203474	success	1.5757056114508492	0.1957795039234416
91	216		0.12791239503343105	-1.0	128.0	256.0	2.7877678478990955	1.9431591526839085	truncated_power_law	35.94232835485059	2.5613974428302715	3.94874648623191	22.2415814677262	0.007235428241848108	0.006725154847688011	0.930981696040395	1.0	4.977720153033037	LAYER_TYPE.CONV2D	3.4579825642413318	2.9360074913408343	0.697030476963246	1152.0	862.9934338004374	1152.0	300.0	0.0	9.0	0.10321682482331006	4.977720153033037	173.37122362626113	2.2310804900390835	34.956062052297774	2.5346413985950127	3.930497618348117	27.620149174604013	0.010888515890252436	0.007908478121409547	success	4.977720153033037	0.9837083495796214
92	218		0.14479063067367204	-1.0	64.0	128.0	2.520421413913457	1.226341375466487	truncated_power_law	19.741408001716184	2.161805927216511	3.667038655107497	9.404813925034166	0.009916841885559401	0.008339331588052383	0.9217440658044979	1.0	3.065928597162352	LAYER_TYPE.CONV2D	2.6202308213152317	2.4667353438804587	0.4865620362915213	576.0	292.9107722830223	576.0	191.0	0.0	9.0	0.11001383244505754	3.065928597162352	95.53737570865928	1.7509793251670198	19.579571987829304	2.1536694039684745	3.664436485382733	10.667386546623693	0.012298600223166752	0.008406421336475019	success	3.065928597162352	0.5273619420524759
93	220		0.16844789276299926	-1.0	64.0	64.0	3.143911168711133	0.880955048541472	lognormal	19.93689584436534	2.169737641910866	3.6776827069486515	8.085065129036082	0.008462079868095896	0.008213701983708794	0.883181008831985	1.0	1.9063818937763037	LAYER_TYPE.CONV2D	2.2055904534511965	2.2136621546009416	0.2802099045637556	576.0	163.55437078901616	576.0	93.0	0.0	9.0	0.22231323197464964	1.9063818937763037	85.79307814607672	1.3807178907279734	19.132661725768465	2.1416874416172043	3.669766909277608	7.839354935501073	0.008986545665279374	0.006222152515943316	success	1.9063818937763037	0.6109678093983073
94	223		0.09529433485810179	-1.0	128.0	256.0	4.166444408120925	3.417040271615563	truncated_power_law	35.38039858307637	2.543078559816678	3.9337059247990225	26.842227624628908	0.010505076080703928	0.009005816535071981	0.9299865380322505	1.0	6.608964404412929	LAYER_TYPE.CONV2D	4.185523310936793	2.9342412161489366	0.8201334127860488	1152.0	859.4907679283242	1152.0	100.0	0.0	9.0	0.3166444408120925	6.608964404412929	130.0492354527475	2.5707906185477123	33.924060592057224	2.5106669121717986	3.9165682986234374	30.923116475665143	0.014566358389308687	0.011433083608690074	success	6.608964404412929	2.0229738025325026
95	225		0.12505539104950453	-1.0	64.0	128.0	3.9975371441284455	1.8621677391929208	lognormal	20.023532899429878	2.175629794800404	3.6745191580114556	8.963372521307223	0.009391826114407366	0.006690157976252908	0.9317288723344757	1.0	2.922999574030034	LAYER_TYPE.CONV2D	2.88023965628021	2.465587265852302	0.4658287520675223	576.0	292.1374713653598	576.0	75.0	0.0	9.0	0.346125775413692	2.922999574030034	99.94441120036852	1.709678207742625	20.10960635025701	2.1703543769485476	3.6652133931776976	12.749181779763118	0.012272653474140189	0.008647440412944423	success	2.922999574030034	1.0958063562231906
96	227		0.0942251106640627	-1.0	64.0	64.0	5.37546014386475	2.814648930066252	truncated_power_law	19.75016487642424	2.166757886901521	3.6685837160109487	8.788503404256666	0.009312542580478665	0.007030183460760029	0.8922557481008079	1.0	3.338956718702035	LAYER_TYPE.CONV2D	3.49181487204565	2.3999316525080516	0.5236107895393356	576.0	251.1491152185812	576.0	35.0	0.0	9.0	0.7395877513964682	3.338956718702035	75.21784089379013	1.8272812368932252	19.869475242518302	2.156056385693834	3.6683102608280347	9.050220945254425	0.009538173305114485	0.00525522331454276	success	3.338956718702035	1.5672048505024738
97	230		0.0759037023657162	-1.0	128.0	256.0	3.770870933613751	3.713804923221289	truncated_power_law	36.1673192994391	2.560198268142725	3.9442045866374777	24.198102050706087	0.008316568502156459	0.007155531751959855	0.9211526747484841	1.0	9.657542394574461	LAYER_TYPE.CONV2D	4.441336497866328	2.99297606412908	0.984866623282231	1152.0	983.9568740940371	1152.0	112.0	0.0	9.0	0.2618226930499767	9.657542394574461	101.88481022323205	3.1076586676426454	32.20627448678589	2.4512309309584728	3.8359184996574536	41.482009308423265	0.032403873065086804	0.029892354860723832	success	9.657542394574461	2.2243034360605165
98	232		0.08356894624040373	-1.0	64.0	128.0	3.721463341489589	2.3058123661517675	truncated_power_law	19.648029364648607	2.1621681079081148	3.6634396118475103	9.295012632918292	0.010051438240106304	0.007522814983773159	0.9333056751787541	1.0	4.164839806661041	LAYER_TYPE.CONV2D	3.2182530784197194	2.5337668014484374	0.6195983016801183	576.0	341.7958626922036	576.0	84.0	0.0	9.0	0.2969359943672261	4.164839806661041	82.06698902213527	2.040793915774212	17.823248775462012	2.0673775172601974	3.5931639107071494	25.128490640543692	0.05594534820886821	0.02024169754892551	success	4.164839806661041	1.1331453513458023
99	234		0.09645135097897001	-1.0	64.0	64.0	4.034216103414044	3.424285758077966	truncated_power_law	19.89226118394935	2.1741102167893427	3.6791289453584026	8.693428846568912	0.008715711251543279	0.00756715091521041	0.9026690689268037	1.0	7.060097373545444	LAYER_TYPE.CONV2D	4.3015686201289665	2.760417115788973	0.848810690924586	576.0	575.9928810096733	576.0	72.0	0.0	9.0	0.3575857970515823	7.060097373545444	81.58426867707928	2.6570843745627357	20.262812905867644	2.1830448235188693	3.677876938201881	10.642448321493678	0.009559500861389023	0.006797464520793447	success	7.060097373545444	2.403859913923146
100	235		0.06068308606009276	-1.0	256.0	256.0	3.5826403511622846	5.703484764390466	power_law	60.55120278709895	2.946332288712976	3.9997085276452453	98.07191019919738	0.017507360691110488	0.013979569961765205	0.7363432595052164	1.0	39.08211335432718	LAYER_TYPE.CONV2D	5.709774546926644	2.363174541813199	1.5919780400341146	256.0	230.76744506846202	256.0	20.0	0.0	1.0	0.5774959386632796	39.08211335432718	5.9046818419534475	6.251568871437567	69.22114963147591	3.026811105500402	4.0502103594767584	411.3176183269044	0.0404042551876558	0.013647506871998368	success	39.08211335432718	3.527805896895602
101	237		0.11111111111111072	-1.0	68.0	256.0	6.831915391769713	-1.4598545560496519	truncated_power_law	11.199294317157543	1.7210871455043708	3.2693498610031155	17.48324811990769	0.07310956016857086	0.11628645124752425	0.9747471624251677	1.0	0.6113901085866967	LAYER_TYPE.CONV2D	-1.2735576199985787	1.1698732065113715	-0.21368159181366805	68.0	14.78676621368334	68.0	9.0	0.0	1.0	1.943971797256571	0.6113901085866967	24.185484858210685	0.781914386993037	8.477914607122743	1.5681069852523994	3.029903247749719	9.597472321848553	0.056049472577723164	0.16401364279677721	under-trained	0.6113901085866967	0.34353742917946917
102	238		0.1036651825286325	-1.0	256.0	768.0	2.535040687403363	8.018171849499472	truncated_power_law	65.79446018401403	3.021828846877286	4.055277490131311	67.47509087424689	0.007744449638769733	0.007820977754316364	0.7597743435553566	1.0	1455.2451378834965	LAYER_TYPE.CONV2D	8.470466857992154	4.22288399331937	3.162936156938952	256.0	16706.443001289525	256.0	23.0	0.0	1.0	0.32007810948768156	1455.2451378834965	11.480157237004976	38.14767539291872	69.75280330621011	3.0594092178439145	4.10127570016643	47.37820859121491	0.005583351709105076	0.004560864490738527	success	1455.2451378834965	202.6768258865538
103	242		0.13126575918414923	-1.0	128.0	256.0	2.28081497602627	4.694603687008578	truncated_power_law	36.51833219179214	2.5670469960250912	3.951324046416002	23.885036997011404	0.007950695841891649	0.007149654125437271	0.9017705553801861	1.0	114.36706452319024	LAYER_TYPE.CONV2D	6.216351813542982	4.155821483781801	2.0583009741490343	1152.0	14315.99321156133	1152.0	313.0	0.0	9.0	0.07239594279342897	114.36706452319024	125.1758386144332	10.69425380862032	36.632242504495366	2.5710344413095285	3.952919455672018	22.957618303826358	0.007622913662326971	0.0066754807627621565	success	114.36706452319024	13.29764489629577
104	244		0.11747930624587499	-1.0	64.0	128.0	4.746281021679401	7.815605754943641	truncated_power_law	20.03605173089472	2.1741683716206874	3.674238018265737	8.993067684776124	0.009402295458137233	0.007871040594848656	0.9263814868624323	1.0	44.328184164552766	LAYER_TYPE.CONV2D	8.547659754855909	3.5731560650232654	1.6466799414625062	576.0	3742.450501910248	576.0	42.0	0.0	9.0	0.5780637115445398	44.328184164552766	84.42598253106239	6.6579414359509625	20.43876690444104	2.191129484319376	3.6730820855018953	8.81709446241529	0.00924355841038375	0.008283291472821475	success	44.328184164552766	19.046769523514516
105	246		0.17156432428414747	-1.0	64.0	64.0	3.2209857709683196	4.11474474709336	lognormal	20.15843586491287	2.1776423941618415	3.682845598730756	9.032975204870183	0.008950313712590745	0.0074083871664447415	0.9010263320040752	1.0	18.94436059603837	LAYER_TYPE.CONV2D	5.486970736951745	3.2863927611579125	1.2774799516907989	576.0	1933.7163137466634	576.0	114.0	0.0	9.0	0.2080143760813758	18.94436059603837	102.07345367734611	4.3525119868919795	19.835071077805043	2.1646432073348723	3.6740240967074262	9.230022195579698	0.012049577745339107	0.007641025319830455	success	18.94436059603837	6.222301940294578
106	250		0.13537272611933315	-1.0	128.0	256.0	2.787961574766215	5.583357307621742	lognormal	36.481913842684385	2.569009337948884	3.9550546564796556	23.573372657871868	0.0073062828688421864	0.0067589212507168876	0.9143460763266607	1.0	100.61587792775971	LAYER_TYPE.CONV2D	7.043191696427285	4.170082018120593	2.0026665210010774	1152.0	14793.877496411193	1152.0	211.0	0.0	9.0	0.12308835097670061	100.61587792775971	147.03322975557512	10.030746628629382	36.4872088515788	2.568763067617268	3.9563954468215123	26.90775800946119	0.00858231722543188	0.0070949663437269534	success	100.61587792775971	22.008288621732426
107	252		0.13555156741750574	-1.0	64.0	128.0	4.181694302090826	6.638482448032981	lognormal	19.97364161124529	2.171229274200649	3.6749404370037198	9.228153996159174	0.01018454270437051	0.007616165665689379	0.9246583175776274	1.0	38.68211587584625	LAYER_TYPE.CONV2D	7.706662831361805	3.57854272253959	1.587510221565879	576.0	3789.1580672798805	576.0	63.0	0.0	9.0	0.40085580338874005	38.68211587584625	97.95632895164076	6.219494824810633	20.88628518496707	2.208812051745573	3.6881491308641463	8.939561459917815	0.006535026587732171	0.0062704177752668875	success	38.68211587584625	16.38476184247645
108	254		0.1552567260214882	-1.0	64.0	64.0	3.6170428861006787	4.789293623058685	lognormal	19.933925317635662	2.1738440014982006	3.6744062169614664	7.568168351020697	0.008444037240385673	0.006987449156521697	0.8876716957497143	1.0	21.090696132141268	LAYER_TYPE.CONV2D	5.968871062988543	3.2519510038763215	1.3240909145596946	576.0	1786.286038722818	576.0	72.0	0.0	9.0	0.30842146190296726	21.090696132141268	84.69545184905483	4.59246079266239	19.97553152969275	2.1734071979878755	3.6729369364306614	9.358555252376709	0.011444566108884342	0.007905802590385208	success	21.090696132141268	7.907741399481202
109	258		0.11017918835949436	-1.0	128.0	256.0	3.3125697902559907	6.888279443420544	truncated_power_law	36.4068049348487	2.567504415702795	3.951575379562751	22.593615701987567	0.007145825253606087	0.006891173589451663	0.909495353060838	1.0	120.07062618503876	LAYER_TYPE.CONV2D	8.069574441701223	4.1742517342499506	2.0794367755458603	1152.0	14936.599430554152	1152.0	133.0	0.0	9.0	0.20052523203512726	120.07062618503876	124.39844702346781	10.957674305482836	36.43605896436379	2.5724592228953016	3.957777044842269	27.230119201488513	0.010387026174595419	0.007956278901506842	success	120.07062618503876	32.34445644150003
110	260		0.09563919796135956	-1.0	64.0	128.0	6.085188253570678	10.82849479041616	lognormal	19.900713238231095	2.1680771048584315	3.6700593109760287	9.176784738802903	0.009505152379776954	0.007241828931122442	0.9138058479186775	1.0	60.18440114407322	LAYER_TYPE.CONV2D	11.098663276471168	3.5863330882240323	1.7794839435020267	576.0	3857.7411908558433	576.0	20.0	0.0	9.0	1.1370826613367473	60.18440114407322	64.09868865556939	7.757860603547425	21.11055100634148	2.2023111883985504	3.6734565905628926	14.609884114662597	0.010274195711243581	0.005576436647464174	under-trained	60.18440114407322	27.473443125653237
111	262		0.08510158944787964	-1.0	64.0	64.0	4.753187125549164	7.224147245823704	truncated_power_law	19.981750916691478	2.174391020908677	3.6766552852523002	8.670955506484397	0.00924305478463225	0.007688868334513443	0.8675197358778529	1.0	33.10193050888454	LAYER_TYPE.CONV2D	7.862689132217028	3.2653989939179393	1.5198533226248812	576.0	1842.4639279060004	576.0	30.0	0.0	9.0	0.6852350837337503	33.10193050888454	55.660316470409	5.753427718228894	19.09884869282612	2.1322773495840255	3.661168618329255	8.179802564994695	0.010318929578146343	0.008018076132013949	success	33.10193050888454	13.869237348643502
112	266		0.10455084272929704	-1.0	128.0	256.0	1.8284416508167296	4.0710413430210615	truncated_power_law	36.105554125133914	2.558244605892401	3.9462421109964327	24.36290352774748	0.008516716966482908	0.007634973898776708	0.8641792376090514	1.0	168.46463863191042	LAYER_TYPE.CONV2D	5.639982082746388	4.193973253376452	2.226508754710661	1152.0	15630.513770058016	1152.0	519.0	0.0	9.0	0.03636455241133832	168.46463863191042	92.78216423928683	12.979392845272478	35.96087583226096	2.5575805263691773	3.9478244103471773	22.975860898139107	0.007840155837717015	0.006746106651657228	over-traoined	168.46463863191042	5.17940935126258
113	268		0.11327130651615924	-1.0	64.0	128.0	1.6210970068637116	3.3649719074284716	truncated_power_law	19.313916752139775	2.149591011447504	3.6658593230848067	10.174677138577504	0.011869648053408914	0.007904436291918972	0.8117521549636137	1.0	119.05223048726607	LAYER_TYPE.CONV2D	4.7129976711103065	3.709078625692632	2.0757375364837563	576.0	5117.744800071633	576.0	323.0	0.0	9.0	0.034558761907318866	119.05223048726607	42.98739115701853	10.911105832465656	20.048583279212043	2.1738682932219033	3.6823355388536263	9.550976985470744	0.011022102246848174	0.008043816339999604	over-traoined	119.05223048726607	1.3545486913901172
114	270		0.1312730787289481	-1.0	64.0	64.0	1.4228084013913997	2.589358577139773	truncated_power_law	19.872446637530206	2.168961623308557	3.673672914598981	9.498925719933537	0.010026075602513281	0.007629159860470122	0.7468499185565411	1.0	66.05301831447117	LAYER_TYPE.CONV2D	4.078999968451149	3.453903359883487	1.8198926676336566	576.0	2843.828222430678	576.0	316.0	0.0	9.0	0.023784830840766887	66.05301831447117	43.05372101077234	8.127300801279056	19.849529574625564	2.1618318700097907	3.6703481178280786	12.100825489523787	0.015188117646147626	0.009487089570493889	over-traoined	66.05301831447117	0.20373949530389068
115	274		0.09727073714139095	-1.0	128.0	256.0	1.640807260421055	4.216317175252421	truncated_power_law	33.17683031937413	2.485816164198586	3.8867545481088976	43.50963671023884	0.04747853054377071	0.043249438193451166	0.704207125820827	1.0	371.24467923063173	LAYER_TYPE.DENSE	4.975604389441418	3.5446953555370633	2.569660237955342	128.0	3505.059183813282	128.0	65.0	0.0	1.0	0.07948235846916335	371.24467923063173	9.4413721728677	19.267710793725126	35.94523341326685	2.5476145168538022	3.9352231886087052	39.73445245598526	0.016192432889051055	0.011305771155460168	over-traoined	371.24467923063173	4.165959428565172
116	277		0.24488084117355075	-1.0	10.0	128.0	1.6991325887973197	5.187126428552738	truncated_power_law	2.289502855714486	1.1687700919168682	1.8518135776811733	2.20365586445091	0.048824399843467155	0.13042466146684442	0.6950949530058623	1.0	1129.2978754206902	LAYER_TYPE.DENSE	5.35168681294836	3.392804102189518	3.052808511091116	10.0	2470.609472416945	10.0	8.0	0.0	1.0	0.24718069724354538	1129.2978754206902	2.1877394141882935	33.60502753191388	3.388154119826325	1.3373432619780334	2.1837598646757534	0.43848860136847045	0.008260128138616176	0.013335022366586	over-traoined	1129.2978754206902	43.456854287241896
